,date,remittance_usd(millions),pkr_exchange_rate,usd_exchange_rate,remittance_pkr(100_millions),remittance_pct_change,pkr_pct_change,roling_corr_remittance_pkr_pct_change,remittance_year_by_year,remittance_3mo_avg,remittance_12mo_avg,fiscal_year
0,2005-07-31,313.14,0.016773,59.619626781136354,186.6928993024504,,59.619626781136354,,,,,2006
1,2005-08-31,348.41,0.016758,59.672992003819076,207.90667144050607,11.263332694641392,59.672992003819076,,,,,2006
2,2005-09-30,341.1,0.016751,59.69792848188168,203.62963405169845,-2.0981028099078647,59.69792848188168,,,334.2166666666667,,2006
3,2005-10-31,372.5,0.016752,59.69436485195798,222.36150907354346,9.205511580181746,59.69436485195798,,,354.00333333333333,,2006
4,2005-11-30,308.81,0.016737,59.74786401386151,184.50737886120572,-17.097986577181214,59.74786401386151,,,340.80333333333334,,2006
5,2005-12-31,371.24,0.016729,59.776436128878,221.91404148484668,20.216314238528543,59.776436128878,,,350.84999999999997,,2006
6,2006-01-31,391.32,0.016712,59.83724269985639,234.155098133078,5.408899903027686,59.83724269985639,,,357.1233333333333,,2006
7,2006-02-28,358.13,0.016706,59.85873338920149,214.37208188674728,-8.481549626903817,59.85873338920149,,,373.56333333333333,,2006
8,2006-03-31,423.56,0.016678,59.9592277251469,253.9633049526322,18.269901990897154,59.9592277251469,,,391.00333333333333,,2006
9,2006-04-30,401.47,0.016661,60.020406938359045,240.96392773543008,-5.215317782604578,60.020406938359045,,,394.3866666666667,,2006
10,2006-05-31,506.57,0.016611,60.2010715790741,304.9605682981157,26.178792935960328,60.2010715790741,,,443.8666666666666,,2006
11,2006-06-30,463.87,0.016618,60.17571308220002,279.1370802744012,-8.429239789170296,60.17571308220002,,,457.30333333333334,383.3433333333333,2006
12,2006-07-31,377.01,0.016574,60.33546518643659,227.4707372993846,-18.7250738353418,60.33546518643659,-0.17866852060024271,20.39662770645718,449.15000000000003,388.6658333333333,2007
13,2006-08-31,434.84,0.01656,60.3864734299517,262.5845410628019,15.339115673324311,60.3864734299517,0.03413626587122318,24.80698028185182,425.24,395.86833333333334,2007
14,2006-09-30,421.74,0.016516,60.547348026156456,255.35238556551224,-3.0126023364915766,60.547348026156456,-0.07074087136409375,23.64116094986808,411.19666666666666,402.58833333333337,2007
15,2006-10-31,410.61,0.016501,60.60238773407673,248.83946427489246,-2.6390667235737686,60.60238773407673,-0.06446946976263634,10.230872483221475,422.3966666666667,405.76416666666665,2007
16,2006-11-30,448.61,0.016442,60.81985159956211,272.84393626079554,9.254523757336642,60.81985159956211,-0.1442822700532901,45.270554710015865,426.9866666666667,417.4141666666667,2007
17,2006-12-31,475.21,0.016424,60.88650754992693,289.3387725280078,5.929426450591824,60.88650754992693,0.04423284640082039,28.006141579571153,444.81,426.0783333333334,2007
18,2007-01-31,391.33,0.016465,60.73489219556635,237.6738536289098,-17.651143704888362,60.73489219556635,-0.0682670607891253,0.002555453337427238,438.3833333333334,426.07916666666665,2007
19,2007-02-28,457.18,0.016478,60.68697657482704,277.44871950479427,16.827230214908152,60.68697657482704,-0.10697513103564829,27.657554519308626,441.24,434.3333333333333,2007
20,2007-03-31,520.24,0.016472,60.70908207867897,315.8329286061195,13.793254298088286,60.70908207867897,0.11902008065630512,22.825573708565482,456.25,442.39000000000004,2007
21,2007-04-30,513.35,0.016479,60.683293889192306,311.5176891801687,-1.324388743656768,60.683293889192306,0.01232485764836295,27.867586619174524,496.92333333333335,451.7133333333333,2007
22,2007-05-31,537.98,0.016468,60.723828030119016,326.6820500364343,4.7978961722022095,60.723828030119016,0.3630452643630365,6.200525100183585,523.8566666666667,454.3308333333334,2007
23,2007-06-30,505.55,0.016546,60.437567992263986,305.54212498489056,-6.028105134019857,60.437567992263986,0.31806880275477456,8.985276047168389,518.96,457.80416666666673,2007
24,2007-07-31,495.69,0.016555,60.40471156750226,299.420114768952,-1.9503511027593734,60.40471156750226,0.10343596701355752,31.47927110686719,513.0733333333334,467.69416666666666,2008
25,2007-08-31,489.51,0.01648,60.679611650485434,297.03276699029124,-1.246746958784728,60.679611650485434,0.35711679905826593,12.572440437862209,496.9166666666667,472.25,2008
26,2007-09-30,516.05,0.01648,60.679611650485434,313.13713592233006,5.421748278891125,60.679611650485434,0.3343996234806963,22.36211884099206,500.4166666666667,480.1091666666667,2008
27,2007-10-31,580.24,0.016479,60.683293889192306,352.1087444626494,12.43871717856797,60.683293889192306,0.30699367932021887,41.31170697255302,528.6,494.24500000000006,2008
28,2007-11-30,505.58,0.016359,61.128430833180516,309.05312060639403,-12.867089480215089,61.128430833180516,-0.1484582806864407,12.6992264996322,533.9566666666666,498.9925,2008
29,2007-12-31,479.26,0.016255,61.519532451553374,294.8385112273147,-5.205902132204598,61.519532451553374,-0.2567225296764227,0.8522547926180124,521.6933333333333,499.33,2008
30,2008-01-31,557.07,0.015979,62.58213905751298,348.62632204768755,16.235446313065992,62.58213905751298,0.21784750563804445,42.35300130324791,513.97,513.1416666666667,2008
31,2008-02-29,502.76,0.016003,62.488283446853714,314.16609385740173,-9.749223616421643,62.488283446853714,0.00408833787984554,9.969814952535106,513.0300000000001,516.94,2008
32,2008-03-31,602.21,0.015945,62.71558482282847,377.6795233615553,19.780809929190866,62.71558482282847,0.3481233254924429,15.756189451022617,554.0133333333334,523.7708333333334,2008
33,2008-04-30,590.71,0.015508,64.48284756254837,380.9066288367295,-1.9096328523272588,64.48284756254837,0.14919891899678847,15.069640596084554,565.2266666666667,530.2175000000001,2008
34,2008-05-31,584.75,0.015019,66.58232904987017,389.34016911911584,-1.0089553249479466,66.58232904987017,0.06269125727396517,8.69363173352169,592.5566666666667,534.115,2008
35,2008-06-30,547.41,0.01467,68.16632583503748,373.1492842535787,-6.385634886703729,68.16632583503748,-0.15519243236601823,8.28009099001088,574.29,537.6033333333334,2008
36,2008-07-31,627.21,0.014009,71.38268256121064,447.7193232921693,14.577738806379138,71.38268256121064,0.1231184284180435,26.53271197724385,586.4566666666666,548.5633333333334,2009
37,2008-08-31,592.3,0.013146,76.06876616461281,450.55530199300165,-5.565918910731671,76.06876616461281,-0.09335422219216813,20.99854956997813,588.9733333333334,557.1291666666667,2009
38,2008-09-30,660.35,0.012822,77.99095304944626,515.0132584620184,11.489110248185064,77.99095304944626,0.0969919611969131,27.962406743532608,626.62,569.1541666666666,2009
39,2008-10-31,466.13,0.012265,81.53281695882593,380.0489196901753,-29.411675626561674,81.53281695882593,-0.26028190225818465,-19.66600027574796,572.9266666666667,559.645,2009
40,2008-11-30,620.52,0.012709,78.68439688409788,488.2524195452042,33.121661339111405,78.68439688409788,-0.05768989532701717,22.734285375212625,582.3333333333334,569.2233333333334,2009
41,2008-12-31,673.5,0.012663,78.97022822395957,531.8644870883677,8.538000386772392,78.97022822395957,-0.08314438612477637,40.52914910487002,586.7166666666667,585.41,2009
42,2009-01-31,637.3,0.01268,78.86435331230284,502.602523659306,-5.3749072011878285,78.86435331230284,-0.04311654701234464,14.402139766995159,643.7733333333332,592.0958333333333,2009
43,2009-02-28,641.32,0.012534,79.78299026647518,511.66427317695866,0.6307861289816641,79.78299026647518,-0.17295876982107858,27.55986952024825,650.7066666666666,603.6425,2009
44,2009-03-31,739.43,0.01245,80.32128514056225,593.9196787148594,15.29813509636373,80.32128514056225,0.06666349450330807,22.78607130403014,672.6833333333333,615.0775,2009
45,2009-04-30,697.52,0.012438,80.39877793857534,560.7975558771507,-5.667879312443369,80.39877793857534,-0.026172494816584596,18.08163058014931,692.7566666666667,623.9783333333334,2009
46,2009-05-31,720.68,0.012368,80.85381630012937,582.6972833117723,3.3203349007913774,80.85381630012937,-0.085905604723329,23.245831551945262,719.21,635.3058333333333,2009
47,2009-06-30,735.17,0.012307,81.25457056959453,597.3592264564882,2.010601098962095,81.25457056959453,-0.34028971363298294,34.299702234157216,717.79,650.9525,2009
48,2009-07-31,744.85,0.01204,83.05647840531562,618.6461794019933,1.3167022593413957,83.05647840531562,-0.2487257293430892,18.75607850640135,733.5666666666666,660.7558333333333,2010
49,2009-08-31,780.53,0.012054,82.96001327360212,647.5277916044465,4.790226220044302,82.96001327360212,-0.39413530950875936,31.779503629917283,753.5166666666668,676.4416666666666,2010
50,2009-09-30,806.12,0.012034,83.09788931361143,669.8687053348845,3.2785415038499632,83.09788931361143,-0.3153376005231386,22.07465737866283,777.1666666666666,688.5891666666666,2010
51,2009-10-31,758.29,0.011965,83.57709987463436,633.7567906393648,-5.9333597975487535,83.57709987463436,-0.3995816244291012,62.67779374852509,781.6466666666666,712.9358333333333,2010
52,2009-11-30,742.79,0.011984,83.44459279038719,619.818090787717,-2.044072848118794,83.44459279038719,-0.1868637004924184,19.704441436214793,769.0666666666666,723.125,2010
53,2009-12-31,697.6,0.011884,84.14675193537529,587.007741501178,-6.083819114419953,84.14675193537529,-0.17745021603020708,3.5783221974758694,732.8933333333334,725.1333333333332,2010
54,2010-01-31,667.9,0.0118,84.74576271186442,566.0169491525425,-4.257454128440374,84.74576271186442,-0.46934904618561024,4.801506354934881,702.7633333333333,727.6833333333334,2010
55,2010-02-28,589.03,0.011768,84.9762066621346,500.5353501019714,-11.808653990118279,84.9762066621346,-0.6306610776838469,-8.15349591467599,651.5100000000001,723.3258333333333,2010
56,2010-03-31,763.71,0.011893,84.08307407718826,642.1508450348945,29.655535371712837,84.08307407718826,-0.03565763874724323,3.2836103485117007,673.5466666666666,725.3491666666667,2010
57,2010-04-30,755.77,0.011912,83.948959032908,634.4610476830087,-1.039661651674073,83.948959032908,-0.18489397359423443,8.351015024658782,702.8366666666666,730.2033333333334,2010
58,2010-05-31,757.86,0.011759,85.04124500382686,644.4935793860022,0.27653915873877555,85.04124500382686,-0.17465526397272874,5.159016484431378,759.1133333333333,733.3016666666666,2010
59,2010-06-30,841.44,0.011719,85.3315129277242,718.0134823790426,11.028422136014582,85.3315129277242,-0.04409646496375921,14.455160031013259,785.0233333333334,742.1574999999999,2010
60,2010-07-31,791.18,0.01169,85.5431993156544,676.8006843455945,-5.973093744057822,85.5431993156544,-0.13846656777488936,6.220044304222316,796.8266666666667,746.0183333333333,2011
61,2010-08-31,933.06,0.011686,85.57247989046722,798.4425808659934,17.932708106878327,85.57247989046722,0.09024383294820026,19.541849768746864,855.2266666666666,758.7291666666666,2011
62,2010-09-30,922.06,0.011606,86.16232982939859,794.4683784249526,-1.1789166827428033,86.16232982939859,0.06394911592006762,14.382474073338948,882.0999999999999,768.3908333333333,2011
63,2010-10-31,855.11,0.011654,85.8074480864939,733.7480693324181,-7.260915775546051,85.8074480864939,-0.09910777273340612,12.768202139023344,903.41,776.4591666666666,2011
64,2010-11-30,926.89,0.011663,85.74123295892996,794.7269141730259,8.394241676509463,85.74123295892996,-0.12908484434848655,24.78493248428224,901.3533333333334,791.8008333333332,2011
65,2010-12-31,863.13,0.011674,85.66044200788076,739.3609731026212,-6.8789176709210365,85.66044200788076,-0.28314888013277756,23.728497706422004,881.71,805.5949999999999,2011
66,2011-01-31,826.57,0.011674,85.66044200788076,708.0435155045401,-4.235746643031746,85.66044200788076,-0.3530753998702978,23.756550381793694,872.1966666666667,818.8175,2011
67,2011-02-28,845.28,0.011686,85.57247989046722,723.3270580181412,2.263571143399834,85.57247989046722,-0.44439526558418524,43.50372646554506,844.9933333333333,840.1716666666667,2011
68,2011-03-31,1052.9,0.011731,85.24422470377633,897.536441906061,24.56227522241152,85.24422470377633,-0.09615212522938604,37.86646763823964,908.25,864.2708333333334,2011
69,2011-04-30,1030.43,0.011821,84.59521191100583,871.6944420945775,-2.1341058030202364,84.59521191100583,-0.16878773621182666,36.34174418143088,976.2033333333333,887.1591666666667,2011
70,2011-05-31,1049.8,0.011657,85.78536501672814,900.574761945612,1.8797977543355548,85.78536501672814,-0.21729894155887383,38.52162668566752,1044.3766666666668,911.4875000000001,2011
71,2011-06-30,1104.56,0.011636,85.94018563080095,949.260914403575,5.216231663173931,85.94018563080095,-0.15291171700359932,31.27020346073397,1061.5966666666666,933.4141666666666,2011
72,2011-07-31,1096.31,0.011568,86.44536652835409,947.7091977869987,-0.746903744477434,86.44536652835409,-0.21314985632369232,38.56644505675069,1083.5566666666666,958.8416666666666,2012
73,2011-08-31,1310.47,0.011475,87.14596949891067,1142.0217864923748,19.53462068210634,87.14596949891067,0.22077598080764205,40.448631384905596,1170.4466666666667,990.2925,2012
74,2011-09-30,890.42,0.011441,87.404947120007,778.2711301459663,-32.053385426602674,87.404947120007,-0.30260900400268975,-3.4314469774201273,1099.0666666666666,987.6558333333334,2012
75,2011-10-31,1017.87,0.011553,86.5576040855189,881.0438847052714,14.313470047842603,86.5576040855189,-0.2379972452934569,19.03380851586345,1072.92,1001.2191666666666,2012
76,2011-11-30,924.92,0.01133,88.261253309797,816.3459841129744,-9.131814475325928,88.261253309797,-0.3106344590873342,-0.21253870470067104,944.4033333333333,1001.055,2012
77,2011-12-31,1085.35,0.01113,89.84725965858041,975.1572327044024,17.34528391644683,89.84725965858041,-0.018727501832767904,25.745832029937542,1009.38,1019.5733333333333,2012
78,2012-01-31,1110.64,0.011079,90.26085386767758,1002.4731473959744,2.330123923158456,90.26085386767758,-0.055371697975555745,34.36732521141585,1040.3033333333333,1043.2458333333332,2012
79,2012-02-29,1156.81,0.011007,90.85127646043428,1050.9766512219496,4.157062594540073,90.85127646043428,-0.04962579630230013,36.85524323301155,1117.6000000000001,1069.2066666666667,2012
80,2012-03-31,1143.18,0.011036,90.61254077564334,1035.8644436389995,-1.1782401604412018,90.61254077564334,0.07170596292730652,8.57441352455124,1136.8766666666668,1076.7299999999998,2012
81,2012-04-30,1141.02,0.011009,90.83477155054955,1036.4429103460805,-0.18894662257913364,90.83477155054955,0.013599976827940537,10.732412682084181,1147.0033333333333,1085.9458333333332,2012
82,2012-05-31,1192.11,0.010693,93.51912466099319,1114.8508369961658,4.477572698112198,93.51912466099319,0.04746757311562249,13.555915412459507,1158.7699999999998,1097.805,2012
83,2012-06-30,1117.52,0.010591,94.41979038806534,1055.1600415447078,-6.256972930350379,94.41979038806534,-0.026813528829646844,1.1733178822336487,1150.2166666666665,1098.885,2012
84,2012-07-31,1204.71,0.010569,94.6163307786924,1139.8523985239854,7.802097501610716,94.6163307786924,0.02659151699302796,9.887714241409839,1171.4466666666667,1107.9183333333333,2013
85,2012-08-31,1258.98,0.010579,94.52689290103035,1190.0746762453919,4.5048185870458335,94.52689290103035,0.22774065080246572,-3.9291246651964595,1193.7366666666667,1103.6274999999998,2013
86,2012-09-30,1135.42,0.010549,94.79571523367144,1076.3295099061525,-9.814294111105815,94.79571523367144,-0.3155729286244458,27.51510523123921,1199.7033333333331,1124.0441666666666,2013
87,2012-10-31,1365.1,0.010439,95.79461634256154,1307.6923076923076,20.22863786087965,95.79461634256154,0.1964916256444614,34.113393655378374,1253.1666666666667,1152.98,2013
88,2012-11-30,1017.83,0.010363,96.49715333397664,982.1769757792146,-25.43916196615632,96.49715333397664,-0.3311335986091598,10.045193097781446,1172.7833333333335,1160.7225,2013
89,2012-12-31,1134.7,0.010297,97.11566475672525,1101.9714479945615,11.482271106176857,97.11566475672525,-0.03236361049855999,4.546920348274752,1172.5433333333333,1164.835,2013
90,2013-01-31,1089.64,0.010242,97.63718023823472,1063.8937707479008,-3.971093681149196,97.63718023823472,-0.06960416047283526,-1.8908016999207633,1080.7233333333334,1163.085,2013
91,2013-02-28,1028.38,0.010194,98.09691975671964,1008.8091033941537,-5.622040306890352,98.09691975671964,-0.08610660530692961,-11.102082450877827,1084.24,1152.3825,2013
92,2013-03-31,1119.15,0.010169,98.33808634083981,1100.5506932835087,8.826503821544573,98.33808634083981,-0.016140442943556307,-2.10203117619272,1079.0566666666666,1150.3799999999999,2013
93,2013-04-30,1215.9,0.010163,98.39614287119944,1196.3987011709141,8.644953759549656,98.39614287119944,0.04322301127298452,6.562549297996534,1121.1433333333334,1156.6200000000001,2013
94,2013-05-31,1185.65,0.010156,98.46396218983851,1167.4379677038205,-2.4878690681799487,98.46396218983851,0.05816787879455776,-0.5418963015157874,1173.5666666666666,1156.0816666666667,2013
95,2013-06-30,1166.19,0.01011,98.91196834817013,1153.5014836795253,-1.6412938050858195,98.91196834817013,-0.04252102246114561,4.355179325649661,1189.246666666667,1160.1375,2013
96,2013-07-31,1404.69,0.009826,101.7708121310808,1429.564420924079,20.451212924137586,101.7708121310808,0.3258591718810313,16.599845605996457,1252.1766666666665,1176.8025,2014
97,2013-08-31,1240.14,0.009579,104.39503079653407,1294.6445349201379,-11.714328428336495,104.39503079653407,0.04816358654806695,-1.4964495067435468,1270.3400000000001,1175.2325,2014
98,2013-09-30,1284.22,0.009455,105.76414595452142,1358.2443151771552,3.554437402228783,105.76414595452142,-0.022875464203964205,13.105282626693192,1309.6833333333334,1187.6325000000002,2014
99,2013-10-31,1348.03,0.009369,106.73497705197993,1438.819511153805,4.968774820513611,106.73497705197993,0.19326838025673757,-1.2504578419163415,1290.7966666666669,1186.21,2014
100,2013-11-30,1130.41,0.009226,108.38933448948623,1225.2438760026014,-16.14355763595765,108.38933448948623,-0.32920237249348816,11.060786182368364,1254.22,1195.5916666666667,2014
101,2013-12-31,1384.94,0.00947,105.59662090813094,1462.4498416050687,22.51660901796693,105.59662090813094,-0.048008635310795196,22.053406186657277,1287.7933333333333,1216.445,2014
102,2014-01-31,1245.97,0.009493,105.34077741493732,1312.5144843568946,-10.034369719987868,105.34077741493732,-0.1732211030525055,14.346940273851905,1253.7733333333333,1229.4725,2014
103,2014-02-28,1209.77,0.009535,104.8767697954903,1268.767697954903,-2.9053669028949347,104.8767697954903,-0.27807583300917726,17.638421595130183,1280.2266666666667,1244.5883333333334,2014
104,2014-03-31,1337.89,0.010205,97.99118079372856,1311.0142087212153,10.590442811443502,97.99118079372856,-0.29539730429612415,19.545190546396828,1264.5433333333333,1262.8166666666668,2014
105,2014-04-30,1311.85,0.010163,98.39614287119944,1290.8098002558297,-1.9463483544985172,98.39614287119944,-0.1982972893150205,7.891273953450106,1286.5033333333333,1270.8125,2014
106,2014-05-31,1440.47,0.010142,98.59988168014199,1420.3017156379415,9.804474596943248,98.59988168014199,-0.3077554097974624,21.492008602876055,1363.4033333333334,1292.0475000000001,2014
107,2014-06-30,1499.33,0.010137,98.64851533984414,1479.0667850448851,4.086166320714768,98.64851533984414,-0.3553732828421994,28.566528610260743,1417.2166666666665,1319.8091666666667,2014
108,2014-07-31,1675.77,0.010133,98.68745682423764,1653.7747952235272,11.767923005609182,98.68745682423764,-0.405079047872048,19.298208145569482,1538.5233333333333,1342.3991666666668,2015
109,2014-08-31,1350.86,0.009815,101.88487009679062,1376.3219561895055,-19.388698926463665,101.88487009679062,-0.2973612067954803,8.928024255325994,1508.6533333333334,1351.6258333333333,2015
110,2014-09-30,1748.49,0.009757,102.49051962693451,1792.0364866249872,29.43532268332767,102.49051962693451,-0.25957046257353766,36.151905436763165,1591.7066666666667,1390.3149999999998,2015
111,2014-10-31,1409.22,0.009727,102.80662074637607,1448.771460882081,-19.403599677435956,102.80662074637607,-0.2953983866830024,4.539216486279973,1502.8566666666666,1395.4141666666667,2015
112,2014-11-30,1343.76,0.009835,101.67768174885613,1366.3040162684292,-4.645122833908122,101.67768174885613,-0.12875856294503477,18.87368299997345,1500.49,1413.1933333333334,2015
113,2014-12-31,1634.06,0.009957,100.43185698503565,1641.1168022496736,21.603560159552295,100.43185698503565,-0.3849193472863163,17.987782864239588,1462.3466666666666,1433.9533333333331,2015
114,2015-01-31,1403.74,0.009901,100.999899000101,1417.7759822240178,-14.094953673671707,100.999899000101,-0.302589763941085,12.662423653860033,1460.5199999999998,1447.1008333333332,2015
115,2015-02-28,1420.54,0.009829,101.7397497202157,1445.2538406755518,1.196802826734289,101.7397497202157,-0.30235383302005403,17.42231994511354,1486.1133333333335,1464.665,2015
116,2015-03-31,1608.51,0.009821,101.82262498727218,1637.8271051827717,13.232291945316565,101.82262498727218,-0.2011631885430024,20.22737295293333,1477.5966666666666,1487.2166666666665,2015
117,2015-04-30,1640.05,0.009834,101.68802115110839,1667.734390888753,1.9608208839236196,101.68802115110839,-0.2687725914489466,25.018104203986734,1556.3666666666668,1514.5666666666666,2015
118,2015-05-31,1663.32,0.009812,101.91602119853242,1695.1895637994294,1.4188591811225226,101.91602119853242,-0.23205787968286729,15.47064499781321,1637.2933333333333,1533.1374999999998,2015
119,2015-06-30,1821.68,0.00983,101.7293997965412,1853.1841302136318,9.520717600942707,101.7293997965412,-0.25048030438450664,21.499603156076397,1708.3500000000001,1560.0,2015
120,2015-07-31,1663.47,0.009828,101.75010175010175,1692.5824175824175,-8.684840367133638,101.75010175010175,-0.1741451948569724,-0.7339909414776469,1716.1566666666665,1558.9750000000001,2016
121,2015-08-31,1527.19,0.009624,103.90689941812136,1586.8557772236077,-8.192513240395073,103.90689941812136,-0.26635609641515695,13.05316613120533,1670.78,1573.6691666666666,2016
122,2015-09-30,1775.15,0.009583,104.35145570280706,1852.3948659083796,16.236355659741086,104.35145570280706,-0.10308911435329669,1.524744207859352,1655.2699999999998,1575.8908333333331,2016
123,2015-10-31,1541.21,0.009491,105.36297545042673,1623.8647139395218,-13.178604624961277,105.36297545042673,-0.2569576747362843,9.366174195654331,1614.5166666666667,1586.89,2016
124,2015-11-30,1565.19,0.009487,105.40739959945188,1649.8260777906607,1.555920348297768,105.40739959945188,-0.2468084929697429,16.478388998035378,1627.1833333333334,1605.3425,2016
125,2015-12-31,1616.13,0.009551,104.70107842110774,1692.1055386870485,3.2545569547467013,104.70107842110774,-0.007705887309578538,-1.0972669302228732,1574.176666666667,1603.8483333333334,2016
126,2016-01-31,1466.38,0.009538,104.84378276368211,1537.4082616900819,-9.265962515391701,104.84378276368211,-0.3003919198917292,4.462364825395015,1549.2333333333336,1609.0683333333334,2016
127,2016-02-29,1521.92,0.00956,104.60251046025104,1591.9665271966526,3.7875584773387594,104.60251046025104,-0.280320126282749,7.136722654765104,1534.8100000000002,1617.5166666666667,2016
128,2016-03-31,1711.15,0.009554,104.66820180029308,1791.0299351057151,12.43363645920943,104.66820180029308,-0.07209200760172946,6.3810607332251745,1566.4833333333336,1626.07,2016
129,2016-04-30,1656.46,0.009547,104.74494605635279,1735.0581334450615,-3.1960961926190024,104.74494605635279,-0.08243837016411856,1.000579250632616,1629.8433333333335,1627.4375,2016
130,2016-05-31,1799.43,0.009546,104.75591870940707,1885.009428032684,8.631056590560604,104.75591870940707,-0.04026280954496664,8.183031527306838,1722.3466666666666,1638.78,2016
131,2016-06-30,2073.08,0.009556,104.64629552113855,2169.401423189619,15.207593515724405,104.64629552113855,0.19272259336753667,13.800447938166949,1842.9899999999998,1659.7300000000002,2016
132,2016-07-31,1360.28,0.009548,104.73397570171764,1424.6753246753246,-34.383622436181916,104.73397570171764,-0.1655937554630821,-18.22635815494118,1744.2633333333333,1634.4641666666666,2017
133,2016-08-31,1767.73,0.00955,104.71204188481676,1851.0261780104713,29.953391948716444,104.71204188481676,-0.3574269673894045,15.750496009010018,1733.6966666666665,1654.5091666666667,2017
134,2016-09-30,1612.36,0.00956,104.60251046025104,1686.5690376569037,-8.789238175513237,104.60251046025104,-0.22061321706773,-9.170492634425266,1580.123333333333,1640.9433333333334,2017
135,2016-10-31,1561.02,0.00955,104.71204188481676,1634.5759162303666,-3.184152422535902,104.71204188481676,-0.0654915729886711,1.2853537155870898,1647.0366666666666,1642.5941666666668,2017
136,2016-11-30,1618.35,0.009548,104.73397570171764,1694.9622957687473,3.6725986854748705,104.73397570171764,-0.2134475006163749,3.396392770206802,1597.243333333333,1647.0241666666668,2017
137,2016-12-31,1585.37,0.009552,104.69011725293133,1659.7257118927973,-2.037878085704581,104.69011725293133,-0.20824551437413755,-1.9033122335455843,1588.2466666666667,1644.4608333333335,2017
138,2017-01-31,1488.37,0.009547,104.74494605635279,1558.9923536189378,-6.118445536373218,104.74494605635279,-0.13816116106142268,1.4996112876607626,1564.0299999999997,1646.2933333333333,2017
139,2017-02-28,1417.06,0.009547,104.74494605635279,1484.2987325861527,-4.791147362550974,104.74494605635279,-0.15462517771516007,-6.889981076534912,1496.9333333333332,1637.555,2017
140,2017-03-31,1694.49,0.009547,104.74494605635279,1774.8926364302924,19.577858382849,104.74494605635279,-0.016016677982951963,-0.973614236040099,1533.3066666666664,1636.1666666666667,2017
141,2017-04-30,1538.94,0.00955,104.71204188481676,1611.4554973821992,-9.1797532000779,104.71204188481676,0.0006633644455534977,-7.094647622037353,1550.1633333333332,1626.3733333333337,2017
142,2017-05-31,1867.15,0.009546,104.75591870940707,1955.9501361826942,21.327017297620433,104.75591870940707,0.06538425380618633,3.76341396997939,1700.1933333333334,1632.0166666666667,2017
143,2017-06-30,1840.28,0.009543,104.7888504663104,1928.4082573614169,-1.4390916637656348,104.7888504663104,0.16304259264839607,-11.229667933702503,1748.79,1612.6166666666668,2017
144,2017-07-31,1555.65,0.009495,105.318588730911,1638.3886255924172,-15.466668115721516,105.318588730911,-0.3112422174481926,14.362484194430557,1754.36,1628.8975,2018
145,2017-08-31,1975.04,0.0095,105.26315789473685,2078.9894736842107,26.959148908816232,105.26315789473685,0.1634216394163754,11.727469692769809,1790.323333333333,1646.1733333333334,2018
146,2017-09-30,1314.1,0.009494,105.32968190436064,1384.137349905203,-33.46463869086196,105.32968190436064,-0.2783605007446712,-18.498350244362307,1614.9299999999996,1621.3183333333334,2018
147,2017-10-31,1677.02,0.009548,104.73397570171764,1756.409719312945,27.617380716840433,104.73397570171764,-0.3396752735631094,7.431038679837543,1655.3866666666665,1630.985,2018
148,2017-11-30,1596.47,0.009488,105.39629005059022,1682.6201517706577,-4.803162752978496,105.39629005059022,-0.34700823858150226,-1.3519943151975689,1529.1966666666665,1629.1616666666669,2018
149,2017-12-31,1745.75,0.009066,110.30222810500773,1925.6011471431723,9.350629827055945,110.30222810500773,0.04659348381630198,10.11625046519109,1673.08,1642.5266666666666,2018
150,2018-01-31,1662.25,0.009056,110.42402826855124,1835.523409893993,-4.783044536732062,110.42402826855124,-0.0634274068838076,11.68257892862663,1668.1566666666665,1657.0166666666667,2018
151,2018-02-28,1473.07,0.009054,110.4484205875856,1626.9825491495471,-11.380959542788393,110.4484205875856,-0.18823886749564123,3.952549645039727,1627.0233333333333,1661.6841666666667,2018
152,2018-03-31,1803.6,0.008683,115.16756881262236,2077.1622711044565,22.43817333867366,115.16756881262236,0.14826717949938353,6.439105571587911,1646.3066666666664,1670.7766666666666,2018
153,2018-04-30,1678.87,0.008661,115.46010853250202,1938.4251241196166,-6.915613218008431,115.46010853250202,0.0031146247062616246,9.09262219449749,1651.8466666666664,1682.4375,2018
154,2018-05-31,1804.08,0.008662,115.44677903486493,2082.7522512121914,7.457992578341388,115.44677903486493,0.12848200899626466,-3.377875371555583,1762.1833333333332,1677.1816666666666,2018
155,2018-06-30,1627.65,0.008245,121.2856276531231,1974.1055184960583,-9.779499800452296,121.2856276531231,-0.018754130963271737,-11.554220009998472,1703.533333333333,1659.4625000000003,2018
156,2018-07-31,1974.35,0.008102,123.42631449024933,2436.8674401382373,21.300648173747415,123.42631449024933,0.0855891384028498,26.91479445890783,1802.0266666666666,1694.3541666666667,2019
157,2018-08-31,2083.08,0.008064,124.0079365079365,2583.184523809524,5.507128928508109,124.0079365079365,0.24692555937959892,5.470268956578095,1895.0266666666666,1703.3575,2019
158,2018-09-30,1480.3,0.008057,124.11567580985479,1837.2843490132802,-28.93695873418207,124.11567580985479,-0.2372031144255134,12.647439312076703,1845.9099999999999,1717.2075000000002,2019
159,2018-10-31,2052.55,0.00756,132.27513227513228,2715.013227513228,38.6577045193542,132.27513227513228,0.3609568605021628,22.392696568913916,1871.9766666666667,1748.5016666666668,2019
160,2018-11-30,1657.0,0.00724,138.12154696132598,2288.6740331491715,-19.271150520084777,138.12154696132598,0.021566353296207853,3.791489974756801,1729.95,1753.5458333333333,2019
161,2018-12-31,1740.54,0.007212,138.65779256794232,2413.3943427620634,5.041641520820761,138.65779256794232,0.0872614904211018,-0.2984390663038794,1816.6966666666667,1753.1116666666667,2019
162,2019-01-31,1735.85,0.00723,138.31258644536652,2400.8990318118945,-0.26945660542131433,138.31258644536652,0.02999210662092092,4.427733493758446,1711.1299999999999,1759.245,2019
163,2019-02-28,1573.68,0.007198,138.9274798555154,2186.273964990275,-9.342397096523314,138.9274798555154,-0.14594667558450988,6.829953770017716,1683.3566666666666,1767.6291666666666,2019
164,2019-03-31,1733.5,0.007124,140.3705783267827,2433.323975294778,10.155813125921398,140.3705783267827,0.04214968607932614,-3.886671102239958,1681.01,1761.7875000000001,2019
165,2019-04-30,1770.17,0.007079,141.2628902387343,2500.593304139003,2.1153735217767533,141.2628902387343,-0.021285353752582625,5.438181634075301,1692.4499999999998,1769.3958333333337,2019
166,2019-05-31,2302.02,0.006768,147.75413711583926,3401.3297872340427,30.04513690775461,147.75413711583926,0.23972704055699218,27.60077158440868,1935.2299999999998,1810.8908333333336,2019
167,2019-06-30,1636.37,0.006172,162.02203499675954,2651.2799740764735,-28.9159086367625,162.02203499675954,-0.2201998352883848,0.535741713513338,1902.8533333333332,1811.6175,2019
168,2019-07-31,2028.28,0.006265,159.6169193934557,3237.478052673583,23.94996241681282,159.6169193934557,0.06156719101358581,2.731531896573558,1988.8899999999996,1816.1116666666667,2020
169,2019-08-31,1683.95,0.006375,156.86274509803923,2641.490196078432,-16.976452955213283,156.86274509803923,-0.011754672971864987,-19.160569925302916,1782.8666666666668,1782.8508333333336,2020
170,2019-09-30,1740.25,0.006403,156.17679212868967,2717.866625019522,3.343329671308526,156.17679212868967,-0.28291574111234075,17.560629602107692,1817.493333333333,1804.5133333333333,2020
171,2019-10-31,2001.22,0.006426,155.6178026766262,3114.2545907251792,14.996121246947268,155.6178026766262,-0.0009504419342817399,-2.500791698131599,1808.4733333333334,1800.2358333333334,2020
172,2019-11-30,1821.45,0.006443,155.2072016141549,2827.0215738010247,-8.983020357581871,155.2072016141549,-0.17109988862770675,9.924562462281239,1854.3066666666666,1813.9399999999998,2020
173,2019-12-31,2097.07,0.00646,154.79876160990713,3246.23839009288,15.131900409014797,154.79876160990713,-0.12212273697839317,20.48387282107853,1973.2466666666667,1843.6508333333331,2020
174,2020-01-31,1906.98,0.006477,154.3924656476764,2944.2334414080597,-9.064551970129763,154.3924656476764,-0.181640131262105,9.858570729037663,1941.8333333333333,1857.9116666666669,2020
175,2020-02-29,1824.83,0.006488,154.13070283600493,2812.623304562269,-4.307858498778172,154.13070283600493,-0.3502349826770723,15.959407249250157,1942.96,1878.8408333333334,2020
176,2020-03-31,1904.68,0.006027,165.92002654720423,3160.2455616392895,4.375750069869522,165.92002654720423,-0.2647371460812635,9.87481972887223,1878.83,1893.1058333333333,2020
177,2020-04-30,1785.1,0.006217,160.8492842206852,2871.3205726234514,-6.278219963458431,160.8492842206852,-0.3928998161690348,0.8434218182434394,1838.2033333333331,1894.3499999999997,2020
178,2020-05-31,1865.23,0.006162,162.2849724115547,3026.987990912042,4.488824155509508,162.2849724115547,-0.0584074531477258,-18.974205263203626,1851.67,1857.9508333333335,2020
179,2020-06-30,2473.27,0.005959,167.81339150864238,4150.4782681658,32.598660754973906,167.81339150864238,0.47886221124573825,51.14368999676113,2041.1999999999998,1927.6924999999999,2020
180,2020-07-31,2764.960828,0.005991,166.9170422300117,4615.1908329160415,11.793731699329246,166.9170422300117,0.5215846456060901,36.3204699548386,2367.820276,1989.0825690000001,2021
181,2020-08-31,2096.213734,0.00601,166.38935108153078,3487.876429284526,-24.18649433394433,166.38935108153078,0.1909052967692918,24.48194625731166,2444.8148539999997,2023.437880166667,2021
182,2020-09-30,2285.022573,0.006037,165.6451880072884,3785.029937054829,9.007136817089489,165.6451880072884,0.22183185986758125,31.30427082315761,2382.0657116666666,2068.835594583333,2021
183,2020-10-31,2284.10714,0.00624,160.25641025641025,3660.4281089743586,-0.04006231758132417,160.25641025641025,0.318538678185666,14.135734202136696,2221.781149,2092.4095229166664,2021
184,2020-11-30,2332.147257,0.006282,159.18497293855458,3712.427979942693,2.103233957755579,159.18497293855458,0.25792244010064325,28.037950918224496,2300.425656666667,2134.967627666667,2021
185,2020-12-31,2421.721535,0.006259,159.76993129892955,3869.1828327208823,3.840850003409546,159.76993129892955,0.41301529409874327,15.481196860381385,2345.9919773333336,2162.0219222500004,2021
186,2021-01-31,2268.742601,0.00625,160.0,3629.9881616,-6.316949813967776,160.0,0.3636464263879195,18.97044546875164,2340.8704643333335,2192.1688056666667,2021
187,2021-02-28,2260.322735,0.006327,158.052789631737,3572.5031373478746,-0.3711247805849971,158.052789631737,0.3440531001818815,23.864838642503706,2316.928957,2228.4598669166667,2021
188,2021-03-31,2723.218474,0.006556,152.53203172666258,4153.780466748016,20.479187853676105,152.53203172666258,0.007748303484498883,42.97511781506602,2417.4279366666665,2296.6714064166667,2021
189,2021-04-30,2792.557929,0.006516,153.4683855125844,4285.693568139964,2.5462318085023528,153.4683855125844,0.018280857492337294,56.43705837208002,2592.033046,2380.6262338333336,2021
190,2021-05-31,2506.658351,0.006486,154.17823003391922,3864.7214785692263,-10.237910377113613,154.17823003391922,0.12404180518647721,34.388700106689264,2674.144918,2434.0785964166666,2021
191,2021-06-30,2714.234446,0.006356,157.33165512901198,4270.3499779735685,8.280988708221448,157.33165512901198,-0.240028213914449,9.742747294068167,2671.150242,2454.1589669166665,2021
192,2021-07-31,2736.077681,0.006187,161.62922256343947,4422.301084532083,0.8047659638315663,161.62922256343947,-0.43952081489492256,-1.0446132439746791,2652.323492666667,2451.752038,2022
193,2021-08-31,2682.62743,0.00603,165.8374792703151,4448.801708126037,-1.9535355801910126,165.8374792703151,-0.17574819801632294,27.974900006069703,2710.9798523333334,2500.619846,2022
194,2021-09-30,2779.892769,0.005872,170.29972752043597,4734.149810967302,3.6257490664665326,170.29972752043597,-0.21898473643158958,21.65712504757824,2732.8659600000005,2541.8590289999997,2022
195,2021-10-31,2628.586368,0.005826,171.64435290078958,4511.820061791968,-5.442886239616673,171.64435290078958,-0.3282933269091467,15.081570473090867,2697.035522333333,2570.5656313333334,2022
196,2021-11-30,2459.709253,0.00569,175.7469244288225,4322.8633620386645,-6.424636338979917,175.7469244288225,-0.41638583276093,5.4697230467381175,2622.7294633333336,2581.1957976666667,2022
197,2021-12-31,2520.352433,0.005665,176.522506619594,4448.9892903795235,2.465461311170669,176.522506619594,-0.3232510816196061,4.072759670116244,2536.216018,2589.4150391666667,2022
198,2022-01-31,2180.433945,0.005664,176.5536723163842,3849.636202330509,-13.486942681083358,176.5536723163842,-0.48947661456062064,-3.8924052451377977,2386.831877,2582.0559845000002,2022
199,2022-02-28,2196.168428,0.005648,177.05382436260624,3888.40019121813,0.7216216311473511,177.05382436260624,-0.4643688755136871,-2.8382808351480993,2298.9849353333334,2576.70979225,2022
200,2022-03-31,2834.767043,0.005467,182.91567587342237,5185.233296140479,29.07785244784513,182.91567587342237,0.24794798874624638,4.096203446951208,2403.7898053333333,2586.0055063333334,2022
201,2022-04-30,3124.369515,0.005392,185.459940652819,5794.453848293768,10.21609421892804,185.459940652819,0.37990548473858016,11.881994731576428,2718.434995333333,2613.6564718333334,2022
202,2022-05-31,2346.240221,0.005029,198.8466892026248,4665.421000198847,-24.905162153971403,198.8466892026248,-0.25748515438036873,-6.399680671919383,2768.4589263333332,2600.2882943333334,2022
203,2022-06-30,2789.577806,0.004887,204.62451401677922,5708.160028647431,18.895660428625803,204.62451401677922,0.12166262865685981,2.775860431328403,2753.395847333333,2606.566907666667,2022
204,2022-07-31,2594.295739,0.004168,239.9232245681382,6224.317991842611,-7.0004165712809545,239.9232245681382,-0.06601254630944789,-5.1819413967874155,2576.704588666667,2594.7517458333336,2023
205,2022-08-31,2815.673902,0.004567,218.96211955331728,6165.259255528794,8.533266260743755,218.96211955331728,-0.011015977205454372,4.959558323758739,2733.1824823333336,2605.8389518333333,2023
206,2022-09-30,2487.225612,0.00437867,228.37985050254986,5680.322134346731,-11.66499749018165,228.37985050254986,-0.11015480580106266,-10.5280016648009,2632.398417666667,2581.450022083334,2023
207,2022-10-31,2247.62424,0.004521,221.19000221190004,4971.520106171201,-9.633278575293158,221.19000221190004,-0.2043587573587555,-14.493042063893114,2516.8412513333337,2549.703178083333,2023
208,2022-11-30,2173.036496,0.004470548,223.6862237023291,4860.783277575814,-3.318514842142828,223.6862237023291,-0.26813047277497404,-11.654741577703042,2302.6287826666667,2525.8137816666667,2023
209,2022-12-31,2099.787498,0.004418913,226.29999730703003,4751.819051427354,-3.370813059736111,226.29999730703003,-0.27357770071672516,-16.686751007254863,2173.482744666667,2490.76670375,2023
210,2023-01-31,1900.087935,0.003732686,267.9035954269928,5090.403894139502,-9.510465377577937,267.9035954269928,-0.46628924226915075,-12.857349365839198,2057.6373096666666,2467.40453625,2023
211,2023-02-28,1990.345686,0.003837862,260.5617398436942,5186.079348345511,4.750188101162789,260.5617398436942,-0.406847818258445,-9.371901507000446,1996.7403729999999,2450.2526410833334,2023
212,2023-03-31,2536.682781,0.003526295,283.5837614266532,7193.620445822032,27.449357106301186,283.5837614266532,0.23171454527477303,-10.515300110323732,2142.3721339999997,2425.412285916667,2023
213,2023-04-30,2198.302053,0.003526509,283.5665526445558,6233.649348406596,-13.339497178539805,283.5665526445558,0.2137784978945456,-29.640138836138917,2241.77684,2348.239997416667,2023
214,2023-05-31,2102.666259,0.00350593,285.2310228669711,5997.456478024376,-4.35043918871324,285.2310228669711,-0.040566014360406424,-10.381458804596965,2279.217031,2327.94216725,2023
215,2023-06-30,2187.080838,0.003494818,286.13793336305355,6258.067910832553,4.014644675001633,286.13793336305355,0.2498848724369499,-21.59814172252559,2162.68305,2277.7340865833335,2023
216,2023-07-31,2029.041389,0.003492486,286.32899315845503,5809.733779892031,-7.2260451581899865,286.32899315845503,0.16731969772373298,-21.788354407808708,2106.2628286666672,2230.6295574166666,2024
217,2023-08-31,2094.507416,0.003280335,304.8469135012125,6385.041210730002,3.2264510401271096,304.8469135012125,0.3420818979890687,-25.61257130975816,2103.5432143333333,2170.53235025,2024
218,2023-09-30,2208.130749,0.003473611,287.88485527020725,6356.874010935593,5.4248236187672605,287.88485527020725,0.29674769098610176,-11.221131756341862,2110.5598513333334,2147.274445,2024
219,2023-10-31,2463.117162,0.003560641,280.848307931072,6917.622871836842,11.547613886336961,280.848307931072,0.21313312869353965,9.587586668846381,2255.251775666667,2165.2321885,2024
220,2023-11-30,2258.544029,0.003560641,280.848307931072,6343.08268932476,-8.305456847772952,280.848307931072,0.14982982895547714,3.9349331296274714,2309.9306466666667,2172.3578162500003,2024
221,2023-12-31,2381.853131,0.003549219,281.7521263128592,6710.921842241911,5.4596722674738585,281.7521263128592,0.08938231867843263,13.433056119662634,2367.8381073333335,2195.863285666667,2024
222,2024-01-31,2397.870065,0.003580008,279.3289847396989,6697.946107941659,0.672456827481871,279.3289847396989,-0.04421443554067739,26.197846995960216,2346.0890750000003,2237.3451298333334,2024
223,2024-02-29,2250.147228,0.003584788,278.95652406781096,6276.932493637,-6.160585561169684,278.95652406781096,0.06930699716274744,13.053086397374681,2343.2901413333334,2258.995258333333,2024
224,2024-03-31,2953.980816,0.003597278,277.9879675688117,8211.711232770998,31.27944603987487,277.9879675688117,-0.12168795363606384,16.45054076629535,2533.9993696666666,2293.770094583333,2024
225,2024-04-30,2813.267052,0.003592804,278.3341367912082,7830.28256481567,-4.763530055369181,278.3341367912082,-0.09218853097811132,27.97454508859527,2672.465032,2345.0171778333333,2024
226,2024-05-31,3242.226877,0.003591954,278.40000178176,9026.359683336701,15.247746377118542,278.40000178176,-0.14315486765227403,54.1959815601911,3003.158248333333,2439.980562666667,2024
227,2024-06-30,3158.138862,0.003592822,278.3327423401438,8790.134501514409,-2.5935265541258468,278.3327423401438,-0.10714121270460047,44.39973169386802,3071.210930333333,2520.902064666667,2024
228,2024-07-31,2993.99974,0.003589487,278.5913418825587,8341.024051626318,-5.197337076434083,278.5913418825587,-0.027653205736574354,47.55735177366558,3131.4551596666665,2601.3152605833334,2025
229,2024-08-31,2942.812184,0.003590198,278.536169871411,8196.79634382282,-1.7096713575532996,278.536169871411,-0.010076948393455886,40.50139720297845,3031.6502620000006,2672.0073245833332,2025
230,2024-09-30,2859.516117,0.003601634,277.65175473132473,7939.49667567554,-2.830492120865835,277.65175473132473,-0.07202898985222089,29.499402075488245,2932.109347,2726.2894385833333,2025
231,2024-10-31,3054.550962,0.003599801,277.79313356488314,8485.332833676082,6.820554143426771,277.79313356488314,-0.22018238543913723,24.011598356927855,2952.293087666667,2775.5755885833332,2025
232,2024-11-30,2915.348668,0.003598037,277.9293264632909,8102.608917028923,-4.557209741521406,277.9293264632909,-0.04068731371461566,29.080887092150643,2943.138582333333,2830.3093085,2025
233,2024-12-31,3080.397524,0.003591398,278.4431021011873,8577.154422873766,5.661376212445535,278.4431021011873,-0.25291789485935884,29.327769370344114,3016.765718,2888.5213412499998,2025
234,2025-01-31,3003.375873,0.003586282,278.840314286495,8374.622723477964,-2.500380239884914,278.840314286495,-0.31138622180812464,25.25181897210098,2999.707355,2938.9801585833334,2025
235,2025-02-28,3126.670931,0.003575744,279.6620787170446,8744.112920276173,4.105215704381471,279.6620787170446,-0.1293205295433337,38.954060076285835,3070.148109333333,3012.0238004999997,2025
236,2025-03-31,4053.579523,0.003568967,280.19312030623985,11357.850949588492,29.64522370454723,280.19312030623985,0.608390977093412,37.22430088388224,3394.542109,3103.6570260833337,2025
237,2025-04-30,3176.928508,0.003558763,280.9965148002269,8927.058385174849,-21.62658978381661,280.9965148002269,-0.05337514283686216,12.926659619514847,3452.392987333334,3133.9621474166665,2025
238,2025-05-31,3685.588476,0.003545926,282.0137814494719,10393.86742983356,16.011061209564993,282.0137814494719,0.23269869547425578,13.674601310141444,3638.6988356666666,3170.9089473333333,2025
239,2025-06-30,3406.389361,0.003524495,283.72859090451254,9664.900534686529,-7.575428369664783,283.72859090451254,-0.0025132781951782124,7.860658123271591,3422.9687816666665,3191.5964889166667,2025
240,2025-07-31,3214.514462,0.00353426,282.94466168306803,9095.297069259195,-5.632794101484395,282.94466168306803,-0.10343811919804234,7.365221815283118,3435.4974330000005,3209.97271575,2026
241,2025-08-31,3138.174787,0.003548324,281.8231931469618,8844.104391256265,-2.3748431031323847,281.8231931469618,-0.1393267039465546,6.638636473716608,3253.0262033333333,3226.2529326666663,2026
242,2025-09-30,3184.123961,0.003552533,281.489292288066,8962.968003393635,1.4642005980784134,281.489292288066,-0.190045979586606,11.351845232491819,3178.9377366666668,3253.303586333333,2026
243,2025-10-31,3420.0,0.003558353,281.02889173727283,9611.18809741473,7.407878646970811,281.02889173727283,-0.142381363260889,11.964083839043838,3247.432916,3283.7576728333333,2026
244,2025-11-30,3188.34,0.003563384,280.63211823367897,8947.50607849168,-6.7736842105263095,280.63211823367897,-0.23436436440497166,9.363934235258341,3264.154653666667,3306.5069504999997,2026
245,2025-12-31,3592.44,0.003567165,280.3346635213117,10070.85458620501,12.674307006153661,280.3346635213117,-0.24937857240414507,16.622610296579367,3400.26,3349.1771568333334,2026
246,2026-01-31,3464.47,0.003571966,279.95787193943056,9699.056485979989,-3.562202848203455,279.95787193943056,-0.29784779171187603,15.352528171554635,3415.0833333333335,3387.6016674166663,2026
247,2026-02-28,3287.872847,0.003575637,279.6704475314468,9195.208705469822,-5.097378617797233,279.6704475314468,-0.215720996848618,5.155704567491637,3448.260949,3401.0351604166667,2026
248,2026-03-31,3831.405102,0.003579368,279.3789294646429,10704.13855742131,16.53142564487988,279.3789294646429,-0.23923065155982343,-5.480943934598603,3527.9159830000003,3382.520625333333,2026
249,2026-04-30,3537.025479,0.003584344,278.9910789812585,9867.985547704127,-7.683333272337444,278.9910789812585,-0.15490878664442922,11.334752107049928,3552.101142666667,3412.5287062500006,2026
250,2026-05-31,4252.157161,0.003588111,278.6981785123147,11850.684555187954,20.218448700634873,278.6981785123147,-0.4695980163837468,15.372543318099963,3873.5292473333334,3459.742763333333,2026
251,2026-06-30,3474.556764,0.00359147,278.4375200126968,9674.46968511501,-18.287197945833412,278.4375200126968,-0.07121430556605476,2.0011629844918444,3754.5798013333333,3465.4233802500003,2026
252,2026-07-31,3630.476883,0.003595944,278.09109374339533,10096.032872035827,4.487482277322208,278.09109374339533,0.00506760445322852,12.940132200904685,3785.730269333333,3500.0869153333333,2027
253,2026-08-31,3656.33767,0.003600082,277.7714507613993,10156.262190694544,0.7123247946046796,277.7714507613993,0.07811248235173633,16.511600473833,3587.123772333334,3543.2671555833335,2027
